Column1,Column2,Column3,Column4,Column5,Column6
最安値「必勝」の頂カイザー「刃鬼」,45,6枚,【ランクB】「必勝」の頂 カイザー「刃鬼」 DM23EX1,karnabel,2025/7/24
「必勝」の頂カイザー「刃鬼」,24800,1枚,【ランクA】「必勝」の頂 カイザー「刃鬼」 DM23EX3,karnabel,2025/7/24
「必勝」の頂カイザー「刃鬼」,50,5枚,【ランクA】「必勝」の頂 カイザー「刃鬼」 DM23EX1,karnabel,2025/7/24
「必勝」の頂カイザー「刃鬼」,45,6枚,【ランクB】「必勝」の頂 カイザー「刃鬼」 DM23EX1,karnabel,2025/7/24
「必勝」の頂カイザー「刃鬼」,50,2枚,【ランクA】「必勝」の頂 カイザー「刃鬼」 DMEX17,karnabel,2025/7/24
「必勝」の頂カイザー「刃鬼」,45,1枚,【ランクB】「必勝」の頂 カイザー「刃鬼」 DMEX17,karnabel,2025/7/24
「必勝」の頂カイザー「刃鬼」,1380,1枚,【ランクA】「必勝」の頂 カイザー「刃鬼」 DMX25,karnabel,2025/7/24
「必勝」の頂カイザー「刃鬼」,1180,2枚,【ランクB】「必勝」の頂 カイザー「刃鬼」 DMX25,karnabel,2025/7/24
「必勝」の頂カイザー「刃鬼」,620,1枚,【ランクD】「必勝」の頂 カイザー「刃鬼」 DMX25,karnabel,2025/7/24
「必勝」の頂カイザー「刃鬼」,3580,1枚,【ランクB】「必勝」の頂 カイザー「刃鬼」 DMX13,karnabel,2025/7/24
「必勝」の頂カイザー「刃鬼」,2680,1枚,【ランクC】「必勝」の頂 カイザー「刃鬼」 DMX13,karnabel,2025/7/24
「必勝」の頂カイザー「刃鬼」,90,3枚,【ランクA】「必勝」の頂 カイザー「刃鬼」 DMBD09,karnabel,2025/7/24
「必勝」の頂カイザー「刃鬼」,75,8枚,【ランクB】「必勝」の頂 カイザー「刃鬼」 DMBD09,karnabel,2025/7/24
「必勝」の頂カイザー「刃鬼」,65,2枚,【ランクC】「必勝」の頂 カイザー「刃鬼」 DMBD09,karnabel,2025/7/24
「必勝」の頂カイザー「刃鬼」,在庫切れ,在庫切れ,【ランクC】「必勝」の頂 カイザー「刃鬼」(P49/Y14) DMBD09,karnabel,2025/7/24
「必勝」の頂カイザー「刃鬼」,在庫切れ,在庫切れ,【ランクC】「必勝」の頂 カイザー「刃鬼」(P52/Y14) DMBD09,karnabel,2025/7/24
最安値タコンチュ,210,1枚,【ランクD】宇宙 タコンチュ DMR20,karnabel,2025/7/24
タコンチュ,390,6枚,【ランクB】宇宙 タコンチュ DMR20,karnabel,2025/7/24
タコンチュ,320,4枚,【ランクC】宇宙 タコンチュ DMR20,karnabel,2025/7/24
タコンチュ,210,1枚,【ランクD】宇宙 タコンチュ DMR20,karnabel,2025/7/24
タコンチュ,290,1枚,【ランクA】宇宙 タコンチュ DMEX12,karnabel,2025/7/24
タコンチュ,250,22枚,【ランクB】宇宙 タコンチュ DMEX12,karnabel,2025/7/24
最安値ドギラゴン剣,260,4枚,【ランクB】蒼き団長 ドギラゴン剣(L2?1) DMR21,karnabel,2025/7/24
ドギラゴン剣,260,4枚,【ランクB】蒼き団長 ドギラゴン剣(L2?1) DMR21,karnabel,2025/7/24
ドギラゴン剣,1180,4枚,【ランクB】蒼き団長 ドギラゴン剣(L2?2) DMR21,karnabel,2025/7/24
ドギラゴン剣,970,1枚,【ランクC】蒼き団長 ドギラゴン剣(L2?2) DMR21,karnabel,2025/7/24
ドギラゴン剣,8980,1枚,【ランクA】蒼き団長 ドギラゴン剣(L2?3) DMR21,karnabel,2025/7/24
ドギラゴン剣,5980,4枚,【ランクB】蒼き団長 ドギラゴン剣(L2?3) DMR21,karnabel,2025/7/24
ドギラゴン剣,830,13枚,【ランクB】蒼き団長 ドギラゴン剣 DMR21,karnabel,2025/7/24
ドギラゴン剣,680,4枚,【ランクC】蒼き団長 ドギラゴン剣 DMR21,karnabel,2025/7/24
ドギラゴン剣,8300,2枚,【ランクB】蒼き団長 ドギラゴン剣 DMEX17(W),karnabel,2025/7/24
ドギラゴン剣,450,2枚,【ランクA】蒼き団長 ドギラゴン剣 DMEX15(50),karnabel,2025/7/24
ドギラゴン剣,380,2枚,【ランクB】蒼き団長 ドギラゴン剣 DMEX15(50),karnabel,2025/7/24
ドギラゴン剣,320,1枚,【ランクC】蒼き団長 ドギラゴン剣 DMEX15(50),karnabel,2025/7/24
ドギラゴン剣,810,4枚,【ランクB】蒼き団長 ドギラゴン剣 DMEX06,karnabel,2025/7/24
ドギラゴン剣,670,1枚,【ランクC】蒼き団長 ドギラゴン剣 DMEX06,karnabel,2025/7/24
ドギラゴン剣,280,3枚,【ランクB】蒼き団長 ドギラゴン剣 DMEX01,karnabel,2025/7/24
ドギラゴン剣,350,4枚,【ランクA】蒼き団長 ドギラゴン剣 DM24BD1,karnabel,2025/7/24
ドギラゴン剣,400,1枚,【ランクB】蒼き団長 ドギラゴン剣 DMBD15,karnabel,2025/7/24
ドギラゴン剣,1480,10枚,【ランクA】蒼き団長 ドギラゴン剣 ART06,karnabel,2025/7/24
ドギラゴン剣,1300,5枚,【ランクB】蒼き団長 ドギラゴン剣 ART06,karnabel,2025/7/24
ドギラゴン剣,260,4枚,【ランクA】蒼き団長 ドギラゴン剣 DM24SP1,karnabel,2025/7/24
ドギラゴン剣,2780,14枚,【ランクA】蒼き団長 ドギラゴン剣(P61/Y22) 第22期,karnabel,2025/7/24
ドギラゴン剣,2400,2枚,【ランクB】蒼き団長 ドギラゴン剣(P61/Y22) 第22期,karnabel,2025/7/24
ドギラゴン剣,1900,2枚,【ランクC】蒼き団長 ドギラゴン剣(P61/Y22) 第22期,karnabel,2025/7/24
ドギラゴン剣,在庫切れ,在庫切れ,【ランクC】蒼き団長 ドギラゴン剣(P23/Y19) 第22期,karnabel,2025/7/24
最安値ボルシャック・ドリーム・ドラゴン,2080,4枚,ランクAボルシャック・ドリーム・ドラゴン DM24EX2,karnabel,2025/7/24
ボルシャック・ドリーム・ドラゴン,29800,4枚,ランクAボルシャック・ドリーム・ドラゴン DM25RP1,karnabel,2025/7/24
ボルシャック・ドリーム・ドラゴン,24800,1枚,ランクBボルシャック・ドリーム・ドラゴン DM25RP1,karnabel,2025/7/24
ボルシャック・ドリーム・ドラゴン,2080,4枚,ランクAボルシャック・ドリーム・ドラゴン DM24EX2,karnabel,2025/7/24
ボルシャック・ドリーム・ドラゴン,5580,8枚,ランクAボルシャック・ドリーム・ドラゴン DM24EX2(超G),karnabel,2025/7/24
ボルシャック・ドリーム・ドラゴン,4680,3枚,ランクBボルシャック・ドリーム・ドラゴン DM24EX2(超G),karnabel,2025/7/24
最安値ボルバルザーク・紫電・ドラゴン,45,4枚,【ランクD】ボルバルザーク・紫電・ドラゴン DMC57・56,karnabel,2025/7/24
ボルバルザーク・紫電・ドラゴン,170,2枚,【ランクC】蒼神龍ボルバルザーク・紫電・ドラゴン DM34,karnabel,2025/7/24
ボルバルザーク・紫電・ドラゴン,110,2枚,【ランクD】蒼神龍ボルバルザーク・紫電・ドラゴン DM34,karnabel,2025/7/24
ボルバルザーク・紫電・ドラゴン,29800,1枚,【ランクB】ボルバルザーク・紫電・ドラゴン DM28,karnabel,2025/7/24
ボルバルザーク・紫電・ドラゴン,4980,2枚,【ランクD】ボルバルザーク・紫電・ドラゴン DM28,karnabel,2025/7/24
ボルバルザーク・紫電・ドラゴン,1980,5枚,【ランクC】ボルバルザーク・紫電・ドラゴン DM28,karnabel,2025/7/24
ボルバルザーク・紫電・ドラゴン,1280,12枚,【ランクD】ボルバルザーク・紫電・ドラゴン DM28,karnabel,2025/7/24
ボルバルザーク・紫電・ドラゴン,100,4枚,【ランクA】ボルバルザーク・紫電・ドラゴン DMEX15(50),karnabel,2025/7/24
ボルバルザーク・紫電・ドラゴン,85,2枚,【ランクB】ボルバルザーク・紫電・ドラゴン DMEX15(50),karnabel,2025/7/24
ボルバルザーク・紫電・ドラゴン,390,1枚,【ランクA】ボルバルザーク・紫電・ドラゴン DMX22-b,karnabel,2025/7/24
ボルバルザーク・紫電・ドラゴン,330,4枚,【ランクB】ボルバルザーク・紫電・ドラゴン DMX22-b,karnabel,2025/7/24
ボルバルザーク・紫電・ドラゴン,270,1枚,【ランクC】ボルバルザーク・紫電・ドラゴン DMX22-b,karnabel,2025/7/24
ボルバルザーク・紫電・ドラゴン,150,2枚,【ランクB】ボルバルザーク・紫電・ドラゴン DMX21,karnabel,2025/7/24
ボルバルザーク・紫電・ドラゴン,830,7枚,【ランクB】ボルバルザーク・紫電・ドラゴン DMC67,karnabel,2025/7/24
ボルバルザーク・紫電・ドラゴン,640,2枚,【ランクC】ボルバルザーク・紫電・ドラゴン DMC67,karnabel,2025/7/24
ボルバルザーク・紫電・ドラゴン,450,1枚,【ランクD】ボルバルザーク・紫電・ドラゴン DMC67,karnabel,2025/7/24
ボルバルザーク・紫電・ドラゴン,270,5枚,【ランクB】蒼神龍ボルバルザーク・紫電・ドラゴン DMC67,karnabel,2025/7/24
ボルバルザーク・紫電・ドラゴン,210,7枚,【ランクC】蒼神龍ボルバルザーク・紫電・ドラゴン DMC67,karnabel,2025/7/24
ボルバルザーク・紫電・ドラゴン,140,4枚,【ランクD】蒼神龍ボルバルザーク・紫電・ドラゴン DMC67,karnabel,2025/7/24
ボルバルザーク・紫電・ドラゴン,85,2枚,【ランクB】ボルバルザーク・紫電・ドラゴン DMC57・56,karnabel,2025/7/24
ボルバルザーク・紫電・ドラゴン,70,2枚,【ランクC】ボルバルザーク・紫電・ドラゴン DMC57・56,karnabel,2025/7/24
ボルバルザーク・紫電・ドラゴン,45,4枚,【ランクD】ボルバルザーク・紫電・ドラゴン DMC57・56,karnabel,2025/7/24
ボルバルザーク・紫電・ドラゴン,5480,3枚,【ランクB】ボルバルザーク・紫電・ドラゴン(ヒーローズ) DMC48・47,karnabel,2025/7/24
ボルバルザーク・紫電・ドラゴン,2780,1枚,【ランクC】ボルバルザーク・紫電・ドラゴン(ヒーローズ) DMC48・47,karnabel,2025/7/24
ボルバルザーク・紫電・ドラゴン,1180,1枚,【ランクD】ボルバルザーク・紫電・ドラゴン(ヒーローズ) DMC48・47,karnabel,2025/7/24
ボルバルザーク・紫電・ドラゴン,340,7枚,【ランクC】ボルバルザーク・紫電・ドラゴン(ヒーローズ) DMC48・47,karnabel,2025/7/24
ボルバルザーク・紫電・ドラゴン,240,2枚,【ランクD】ボルバルザーク・紫電・ドラゴン(ヒーローズ) DMC48・47,karnabel,2025/7/24
ボルバルザーク・紫電・ドラゴン,640,14枚,【ランクA】ボルバルザーク・紫電・ドラゴン P'S DMPCD02【竜装】,karnabel,2025/7/24
ボルバルザーク・紫電・ドラゴン,540,6枚,【ランクB】ボルバルザーク・紫電・ドラゴン P'S DMPCD02【竜装】,karnabel,2025/7/24
最安値ヤッタレマン,25,1枚,【ランクD】ヤッタレマン DMRP01,karnabel,2025/7/24
ヤッタレマン,45,5枚,【ランクB】ヤッタレマン DMRP01,karnabel,2025/7/24
ヤッタレマン,25,1枚,【ランクD】ヤッタレマン DMRP01,karnabel,2025/7/24
ヤッタレマン,50,3枚,【ランクA】ヤッタレマン DMEX19,karnabel,2025/7/24
ヤッタレマン,45,2枚,【ランクB】ヤッタレマン DMEX19,karnabel,2025/7/24
ヤッタレマン,45,11枚,【ランクB】ヤッタレマン DMEX16,karnabel,2025/7/24
ヤッタレマン,70,8枚,【ランクB】ヤッタレマン DMEX03,karnabel,2025/7/24
ヤッタレマン,60,3枚,【ランクC】ヤッタレマン DMEX03,karnabel,2025/7/24
ヤッタレマン,40,1枚,【ランクD】ヤッタレマン DMEX03,karnabel,2025/7/24
ヤッタレマン,50,37枚,【ランクA】ヤッタレマン DM24BD2,karnabel,2025/7/24
ヤッタレマン,45,17枚,【ランクB】ヤッタレマン DM24BD2,karnabel,2025/7/24
ヤッタレマン,50,1枚,【ランクA】ヤッタレマン DMBD07-a,karnabel,2025/7/24
ヤッタレマン,45,10枚,【ランクB】ヤッタレマン DMBD07-a,karnabel,2025/7/24
ヤッタレマン,45,7枚,【ランクB】ヤッタレマン DMBD03,karnabel,2025/7/24
ヤッタレマン,50,3枚,【ランクA】ヤッタレマン DMSD04,karnabel,2025/7/24
ヤッタレマン,45,8枚,【ランクB】ヤッタレマン DMSD04,karnabel,2025/7/24
ヤッタレマン,35,1枚,【ランクC】ヤッタレマン DMSD04,karnabel,2025/7/24
ヤッタレマン,50,13枚,【ランクB】ヤッタレマン DMSD01,karnabel,2025/7/24
ヤッタレマン,40,1枚,【ランクC】ヤッタレマン DMSD01,karnabel,2025/7/24
ヤッタレマン,25,1枚,【ランクD】ヤッタレマン DMSD01,karnabel,2025/7/24
ヤッタレマン,70,8枚,【ランクB】ヤッタレマン DMSP01,karnabel,2025/7/24
ヤッタレマン,45,3枚,【ランクB】ヤッタレマン SpD3,karnabel,2025/7/24
ヤッタレマン,35,1枚,【ランクC】ヤッタレマン SpD3,karnabel,2025/7/24
ヤッタレマン,25,4枚,【ランクD】ヤッタレマン SpD3,karnabel,2025/7/24
ヤッタレマン,170,3枚,【ランクB】ヤッタレマン(P63/Y19) 第19期,karnabel,2025/7/24
ヤッタレマン,140,2枚,【ランクC】ヤッタレマン(P63/Y19) 第19期,karnabel,2025/7/24
ヤッタレマン,1280,6枚,【ランクB】ヤッタレマン(P34/Y16) 第16期,karnabel,2025/7/24
ヤッタレマン,1080,3枚,【ランクC】ヤッタレマン(P34/Y16) 第16期,karnabel,2025/7/24
ヤッタレマン,260,1枚,【ランクB】ヤッタレマン(P36/Y16) 第16期,karnabel,2025/7/24
ヤッタレマン,210,9枚,【ランクC】ヤッタレマン(P36/Y16) 第16期,karnabel,2025/7/24
最安値ヤッタレ・ピッピー,25,7枚,【ランクD】ヤッタレ・ピッピー DMD03,karnabel,2025/7/24
ヤッタレ・ピッピー,35,13枚,【ランクC】ヤッタレ・ピッピー DMX12-a,karnabel,2025/7/24
ヤッタレ・ピッピー,40,8枚,【ランクC】ヤッタレ・ピッピー DMD03,karnabel,2025/7/24
ヤッタレ・ピッピー,25,7枚,【ランクD】ヤッタレ・ピッピー DMD03,karnabel,2025/7/24
